{"name":"6223ed1a-8567-42d8-98c9-cc8a13d853bc","id":"/providers/Microsoft.Flow/flows/6223ed1a-8567-42d8-98c9-cc8a13d853bc","type":"Microsoft.Flow/flows","properties":{"apiId":"/providers/Microsoft.PowerApps/apis/shared_logicflows","displayName":"Logbook Response On Submit","definition":{"metadata":{"workflowEntityId":null,"processAdvisorMetadata":null,"flowChargedByPaygo":null,"flowclientsuspensionreason":"None","flowclientsuspensiontime":null,"flowclientsuspensionreasondetails":null,"creator":{"id":"f9246246-b88b-4501-8f7c-f814817aea87","type":"User","tenantId":"d0c27457-51ae-4589-9097-ed8d590c0db2"},"provisioningMethod":"FromDefinition","failureAlertSubscription":true,"clientLastModifiedTime":"2023-05-21T14:14:52.2212424Z"},"$schema":"https://schema.management.azure.com/providers/Microsoft.Logic/schemas/2016-06-01/workflowdefinition.json#","contentVersion":"1.0.0.0","parameters":{"$connections":{"defaultValue":{},"type":"Object"},"$authentication":{"defaultValue":{},"type":"SecureObject"}},"triggers":{"manual":{"splitOn":"@triggerBody()['rows']","metadata":{"operationMetadataId":"1d12c8ae-9d8a-4380-9a35-9e5754a00382","flowSystemMetadata":{"swaggerOperationId":"TeamsCardTrigger","taskModuleWidth":null,"taskModuleHeight":null,"inputsAdaptiveCard":"{\"type\":\"AdaptiveCard\",\"$schema\":\"http://adaptivecards.io/schemas/adaptive-card.json\",\"version\":\"1.4\",\"msteams\":{\"width\":\"Full\"},\"body\":[{\"type\":\"Container\",\"style\":\"default\",\"items\":[{\"type\":\"TextBlock\",\"text\":\"Agile Log(ic)\",\"wrap\":true,\"fontType\":\"Monospace\",\"size\":\"ExtraLarge\",\"weight\":\"Bolder\",\"color\":\"Attention\",\"isSubtle\":false,\"horizontalAlignment\":\"Center\",\"id\":\"titlelogo\"}]},{\"type\":\"Container\",\"items\":[{\"type\":\"TextBlock\",\"text\":\"⏳ How have you spent your day?\",\"wrap\":true,\"horizontalAlignment\":\"Center\",\"fontType\":\"Default\",\"size\":\"Large\",\"color\":\"Attention\",\"weight\":\"Bolder\",\"id\":\"firstQ\"},{\"type\":\"TextBlock\",\"text\":\"🔎 Evaluate your day\",\"wrap\":true,\"horizontalAlignment\":\"Center\",\"isVisible\":false,\"size\":\"Large\",\"weight\":\"Bolder\",\"color\":\"Attention\",\"id\":\"evaluate\"},{\"type\":\"TextBlock\",\"text\":\"🚫 What is the reason for your day off?\",\"wrap\":true,\"horizontalAlignment\":\"Center\",\"size\":\"Large\",\"color\":\"Attention\",\"weight\":\"Bolder\",\"isVisible\":false,\"id\":\"dayoff_question\"}]},{\"type\":\"Container\",\"items\":[{\"type\":\"ColumnSet\",\"columns\":[{\"type\":\"Column\",\"width\":50,\"items\":[{\"type\":\"Image\",\"url\":\"https://YOUR_DOMAIN-my.sharepoint.com/personal/YOUR_USER/Documents/AdaptiveCardButtons/Warning/LightTheme/warning_light_button_working.png\",\"width\":\"150px\",\"horizontalAlignment\":\"Center\",\"id\":\"button_work\",\"selectAction\":{\"type\":\"Action.ToggleVisibility\",\"targetElements\":[{\"elementId\":\"firstQ\",\"isVisible\":false},{\"elementId\":\"evaluate\",\"isVisible\":true},{\"elementId\":\"dayoff_question\",\"isVisible\":false},{\"elementId\":\"container_forkbuttons\",\"isVisible\":false},{\"elementId\":\"container_choice\",\"isVisible\":true},{\"elementId\":\"container_text\",\"isVisible\":true},{\"elementId\":\"container_dayoff_toggle\",\"isVisible\":false},{\"elementId\":\"container_navbuttons\",\"isVisible\":true}]}}]},{\"type\":\"Column\",\"width\":50,\"items\":[{\"type\":\"Image\",\"url\":\"https://YOUR_DOMAIN-my.sharepoint.com/personal/YOUR_USER/Documents/AdaptiveCardButtons/Warning/LightTheme/warning_light_button_dayoff.png\",\"width\":\"150px\",\"height\":\"0px\",\"horizontalAlignment\":\"Center\",\"id\":\"button_dayoff\",\"selectAction\":{\"type\":\"Action.ToggleVisibility\",\"targetElements\":[{\"elementId\":\"firstQ\",\"isVisible\":false},{\"elementId\":\"evaluate\",\"isVisible\":false},{\"elementId\":\"dayoff_question\",\"isVisible\":true},{\"elementId\":\"container_forkbuttons\",\"isVisible\":false},{\"elementId\":\"container_choice\",\"isVisible\":false},{\"elementId\":\"container_text\",\"isVisible\":false},{\"elementId\":\"container_dayoff_toggle\",\"isVisible\":true},{\"elementId\":\"container_navbuttons\",\"isVisible\":true}]}}]}],\"id\":\"columnset_forkbuttons\",\"horizontalAlignment\":\"Center\"}],\"id\":\"container_forkbuttons\",\"horizontalAlignment\":\"Center\",\"separator\":true},{\"type\":\"Container\",\"items\":[{\"type\":\"ColumnSet\",\"columns\":[{\"type\":\"Column\",\"width\":50,\"items\":[{\"type\":\"Input.ChoiceSet\",\"placeholder\":\"Task\",\"label\":\"✅ Which task have you worked on?\",\"id\":\"choice_task\",\"choices\":[]}]},{\"type\":\"Column\",\"width\":50,\"items\":[{\"type\":\"Input.ChoiceSet\",\"choices\":[{\"title\":\"⭐\",\"value\":\"⭐\"},{\"title\":\"⭐⭐\",\"value\":\"⭐⭐\"},{\"title\":\"⭐⭐⭐\",\"value\":\"⭐⭐⭐\"},{\"title\":\"⭐⭐⭐⭐\",\"value\":\"⭐⭐⭐⭐\"},{\"title\":\"⭐⭐⭐⭐⭐\",\"value\":\"⭐⭐⭐⭐⭐\"}],\"placeholder\":\"⭐⭐⭐\",\"label\":\"📊 Grade todays progress\",\"id\":\"choice_grade\"}]}],\"id\":\"columnset_choice\",\"separator\":true}],\"horizontalAlignment\":\"Left\",\"spacing\":\"Medium\",\"separator\":true,\"id\":\"container_choice\",\"isVisible\":false},{\"type\":\"Container\",\"items\":[{\"type\":\"ColumnSet\",\"columns\":[{\"type\":\"Column\",\"width\":50,\"items\":[{\"type\":\"Input.Text\",\"placeholder\":\"Shortly describe the work you have done today\",\"label\":\"📑 Record your progress \",\"id\":\"text_progress\",\"isMultiline\":true}]},{\"type\":\"Column\",\"width\":50,\"items\":[{\"type\":\"Input.Text\",\"placeholder\":\"Write down your ideas, insights or concerns\",\"label\":\"🤔 Record your thoughts \",\"maxLength\":0,\"isMultiline\":true,\"id\":\"text_mind\"}]}],\"horizontalAlignment\":\"Left\",\"id\":\"columnset_text\"}],\"id\":\"container_text\",\"isVisible\":false,\"separator\":true},{\"type\":\"Container\",\"verticalContentAlignment\":\"Center\",\"id\":\"container_dayoff_toggle\",\"isVisible\":false,\"separator\":true,\"items\":[{\"type\":\"Input.ChoiceSet\",\"choices\":[{\"title\":\"🤒 Sick\",\"value\":\"Sick\"},{\"title\":\"🎮 Rest & Recreation\",\"value\":\"RnR\"},{\"title\":\"🛫 Travel\",\"value\":\"Travel\"}],\"placeholder\":\"Reason for day off?\",\"id\":\"day_off\"}]},{\"type\":\"Container\",\"separator\":true,\"items\":[{\"type\":\"ColumnSet\",\"columns\":[{\"type\":\"Column\",\"width\":50,\"items\":[{\"type\":\"Image\",\"url\":\"https://YOUR_DOMAIN-my.sharepoint.com/personal/YOUR_USER/Documents/AdaptiveCardButtons/Warning/LightTheme/warning_light_button_back.png\",\"height\":\"60px\",\"horizontalAlignment\":\"Center\",\"id\":\"button_back\",\"selectAction\":{\"type\":\"Action.ToggleVisibility\",\"targetElements\":[{\"elementId\":\"firstQ\",\"isVisible\":true},{\"elementId\":\"evaluate\",\"isVisible\":false},{\"elementId\":\"dayoff_question\",\"isVisible\":false},{\"elementId\":\"container_forkbuttons\",\"isVisible\":true},{\"elementId\":\"container_choice\",\"isVisible\":false},{\"elementId\":\"container_text\",\"isVisible\":false},{\"elementId\":\"container_dayoff_toggle\",\"isVisible\":false},{\"elementId\":\"container_navbuttons\",\"isVisible\":false}]}}]},{\"type\":\"Column\",\"width\":50,\"items\":[{\"type\":\"Image\",\"url\":\"https://YOUR_DOMAIN-my.sharepoint.com/personal/YOUR_USER/Documents/AdaptiveCardButtons/Warning/LightTheme/warning_light_button_submit.png\",\"height\":\"60px\",\"id\":\"button_submit\",\"selectAction\":{\"type\":\"Action.Submit\",\"associatedInputs\":\"auto\",\"id\":\"logbook_submit_work\"}}]}],\"id\":\"columnset_navbuttons\",\"separator\":true,\"spacing\":\"ExtraLarge\"}],\"id\":\"container_navbuttons\",\"isVisible\":false,\"spacing\":\"ExtraLarge\"}]}"}},"type":"Request","kind":"ApiConnection","inputs":{"schema":{"type":"object","properties":{"rows":{"type":"array","items":{"type":"object","properties":{"entity":{"type":"object","properties":{"teamsFlowRunContext":{"type":"object","properties":{"messagePayload":{"type":"object","properties":{"id":{"title":"Message ID","type":"string"}},"required":[]},"conversation":{"type":"object","properties":{"id":{"title":"Conversation ID","type":"string"}},"required":[]}}},"cardOutputs":{"type":"object","properties":{"choice_task":{"title":"choice_task","type":"string"},"choice_grade":{"title":"choice_grade","type":"string"},"text_progress":{"title":"text_progress","type":"string"},"text_mind":{"title":"text_mind","type":"string"},"boolean_obstacle":{"title":"boolean_obstacle","type":"string"},"day_off":{"title":"day_off","type":"string"}}}},"required":["teamsFlowRunContext","cardOutputs"]}},"required":["entity"]}}},"required":["rows"]},"host":{"connection":{"name":"@parameters('$connections')['shared_teams_1']['connectionId']"},"api":{"runtimeUrl":"https://flow-apim-europe-002-northeurope-01.azure-apim.net/apim/teams"}},"operationId":"TeamsCardTrigger","parameters":{"inputsAdaptiveCard":"{\"type\":\"AdaptiveCard\",\"$schema\":\"http://adaptivecards.io/schemas/adaptive-card.json\",\"version\":\"1.4\",\"msteams\":{\"width\":\"Full\"},\"body\":[{\"type\":\"Container\",\"style\":\"default\",\"items\":[{\"type\":\"TextBlock\",\"text\":\"Agile Log(ic)\",\"wrap\":true,\"fontType\":\"Monospace\",\"size\":\"ExtraLarge\",\"weight\":\"Bolder\",\"color\":\"Attention\",\"isSubtle\":false,\"horizontalAlignment\":\"Center\",\"id\":\"titlelogo\"}]},{\"type\":\"Container\",\"items\":[{\"type\":\"TextBlock\",\"text\":\"⏳ How have you spent your day?\",\"wrap\":true,\"horizontalAlignment\":\"Center\",\"fontType\":\"Default\",\"size\":\"Large\",\"color\":\"Attention\",\"weight\":\"Bolder\",\"id\":\"firstQ\"},{\"type\":\"TextBlock\",\"text\":\"🔎 Evaluate your day\",\"wrap\":true,\"horizontalAlignment\":\"Center\",\"isVisible\":false,\"size\":\"Large\",\"weight\":\"Bolder\",\"color\":\"Attention\",\"id\":\"evaluate\"},{\"type\":\"TextBlock\",\"text\":\"🚫 What is the reason for your day off?\",\"wrap\":true,\"horizontalAlignment\":\"Center\",\"size\":\"Large\",\"color\":\"Attention\",\"weight\":\"Bolder\",\"isVisible\":false,\"id\":\"dayoff_question\"}]},{\"type\":\"Container\",\"items\":[{\"type\":\"ColumnSet\",\"columns\":[{\"type\":\"Column\",\"width\":50,\"items\":[{\"type\":\"Image\",\"url\":\"https://YOUR_DOMAIN-my.sharepoint.com/personal/YOUR_USER/Documents/AdaptiveCardButtons/Warning/LightTheme/warning_light_button_working.png\",\"width\":\"150px\",\"horizontalAlignment\":\"Center\",\"id\":\"button_work\",\"selectAction\":{\"type\":\"Action.ToggleVisibility\",\"targetElements\":[{\"elementId\":\"firstQ\",\"isVisible\":false},{\"elementId\":\"evaluate\",\"isVisible\":true},{\"elementId\":\"dayoff_question\",\"isVisible\":false},{\"elementId\":\"container_forkbuttons\",\"isVisible\":false},{\"elementId\":\"container_choice\",\"isVisible\":true},{\"elementId\":\"container_text\",\"isVisible\":true},{\"elementId\":\"container_dayoff_toggle\",\"isVisible\":false},{\"elementId\":\"container_navbuttons\",\"isVisible\":true}]}}]},{\"type\":\"Column\",\"width\":50,\"items\":[{\"type\":\"Image\",\"url\":\"https://YOUR_DOMAIN-my.sharepoint.com/personal/YOUR_USER/Documents/AdaptiveCardButtons/Warning/LightTheme/warning_light_button_dayoff.png\",\"width\":\"150px\",\"height\":\"0px\",\"horizontalAlignment\":\"Center\",\"id\":\"button_dayoff\",\"selectAction\":{\"type\":\"Action.ToggleVisibility\",\"targetElements\":[{\"elementId\":\"firstQ\",\"isVisible\":false},{\"elementId\":\"evaluate\",\"isVisible\":false},{\"elementId\":\"dayoff_question\",\"isVisible\":true},{\"elementId\":\"container_forkbuttons\",\"isVisible\":false},{\"elementId\":\"container_choice\",\"isVisible\":false},{\"elementId\":\"container_text\",\"isVisible\":false},{\"elementId\":\"container_dayoff_toggle\",\"isVisible\":true},{\"elementId\":\"container_navbuttons\",\"isVisible\":true}]}}]}],\"id\":\"columnset_forkbuttons\",\"horizontalAlignment\":\"Center\"}],\"id\":\"container_forkbuttons\",\"horizontalAlignment\":\"Center\",\"separator\":true},{\"type\":\"Container\",\"items\":[{\"type\":\"ColumnSet\",\"columns\":[{\"type\":\"Column\",\"width\":50,\"items\":[{\"type\":\"Input.ChoiceSet\",\"placeholder\":\"Task\",\"label\":\"✅ Which task have you worked on?\",\"id\":\"choice_task\",\"choices\":[]}]},{\"type\":\"Column\",\"width\":50,\"items\":[{\"type\":\"Input.ChoiceSet\",\"choices\":[{\"title\":\"⭐\",\"value\":\"⭐\"},{\"title\":\"⭐⭐\",\"value\":\"⭐⭐\"},{\"title\":\"⭐⭐⭐\",\"value\":\"⭐⭐⭐\"},{\"title\":\"⭐⭐⭐⭐\",\"value\":\"⭐⭐⭐⭐\"},{\"title\":\"⭐⭐⭐⭐⭐\",\"value\":\"⭐⭐⭐⭐⭐\"}],\"placeholder\":\"⭐⭐⭐\",\"label\":\"📊 Grade todays progress\",\"id\":\"choice_grade\"}]}],\"id\":\"columnset_choice\",\"separator\":true}],\"horizontalAlignment\":\"Left\",\"spacing\":\"Medium\",\"separator\":true,\"id\":\"container_choice\",\"isVisible\":false},{\"type\":\"Container\",\"items\":[{\"type\":\"ColumnSet\",\"columns\":[{\"type\":\"Column\",\"width\":50,\"items\":[{\"type\":\"Input.Text\",\"placeholder\":\"Shortly describe the work you have done today\",\"label\":\"📑 Record your progress \",\"id\":\"text_progress\",\"isMultiline\":true}]},{\"type\":\"Column\",\"width\":50,\"items\":[{\"type\":\"Input.Text\",\"placeholder\":\"Write down your ideas, insights or concerns\",\"label\":\"🤔 Record your thoughts \",\"maxLength\":0,\"isMultiline\":true,\"id\":\"text_mind\"}]}],\"horizontalAlignment\":\"Left\",\"id\":\"columnset_text\"}],\"id\":\"container_text\",\"isVisible\":false,\"separator\":true},{\"type\":\"Container\",\"verticalContentAlignment\":\"Center\",\"id\":\"container_dayoff_toggle\",\"isVisible\":false,\"separator\":true,\"items\":[{\"type\":\"Input.ChoiceSet\",\"choices\":[{\"title\":\"🤒 Sick\",\"value\":\"Sick\"},{\"title\":\"🎮 Rest & Recreation\",\"value\":\"RnR\"},{\"title\":\"🛫 Travel\",\"value\":\"Travel\"}],\"placeholder\":\"Reason for day off?\",\"id\":\"day_off\"}]},{\"type\":\"Container\",\"separator\":true,\"items\":[{\"type\":\"ColumnSet\",\"columns\":[{\"type\":\"Column\",\"width\":50,\"items\":[{\"type\":\"Image\",\"url\":\"https://YOUR_DOMAIN-my.sharepoint.com/personal/YOUR_USER/Documents/AdaptiveCardButtons/Warning/LightTheme/warning_light_button_back.png\",\"height\":\"60px\",\"horizontalAlignment\":\"Center\",\"id\":\"button_back\",\"selectAction\":{\"type\":\"Action.ToggleVisibility\",\"targetElements\":[{\"elementId\":\"firstQ\",\"isVisible\":true},{\"elementId\":\"evaluate\",\"isVisible\":false},{\"elementId\":\"dayoff_question\",\"isVisible\":false},{\"elementId\":\"container_forkbuttons\",\"isVisible\":true},{\"elementId\":\"container_choice\",\"isVisible\":false},{\"elementId\":\"container_text\",\"isVisible\":false},{\"elementId\":\"container_dayoff_toggle\",\"isVisible\":false},{\"elementId\":\"container_navbuttons\",\"isVisible\":false}]}}]},{\"type\":\"Column\",\"width\":50,\"items\":[{\"type\":\"Image\",\"url\":\"https://YOUR_DOMAIN-my.sharepoint.com/personal/YOUR_USER/Documents/AdaptiveCardButtons/Warning/LightTheme/warning_light_button_submit.png\",\"height\":\"60px\",\"id\":\"button_submit\",\"selectAction\":{\"type\":\"Action.Submit\",\"associatedInputs\":\"auto\",\"id\":\"logbook_submit_work\"}}]}],\"id\":\"columnset_navbuttons\",\"separator\":true,\"spacing\":\"ExtraLarge\"}],\"id\":\"container_navbuttons\",\"isVisible\":false,\"spacing\":\"ExtraLarge\"}]}","CardTypeId":"Logbook"}}}},"actions":{"Update_an_adaptive_card_in_a_chat_or_channel":{"runAfter":{"GetQuote":["Succeeded"]},"metadata":{"operationMetadataId":"b7a84afb-4e79-426e-bc4f-488725fc2bf6"},"type":"OpenApiConnection","inputs":{"host":{"apiId":"/providers/Microsoft.PowerApps/apis/shared_teams","connectionName":"shared_teams_1","operationId":"UpdateCardInConversation"},"parameters":{"poster":"Flow bot","location":"Group chat","body/messageId":"@triggerBody()?['entity']?['teamsFlowRunContext']?['messagePayload']?['id']","body/recipient":"@triggerBody()?['entity']?['teamsFlowRunContext']?['conversation']?['id']","body/messageBody":"{\"type\":\"AdaptiveCard\",\"$schema\":\"http://adaptivecards.io/schemas/adaptive-card.json\",\"version\":\"1.4\",\"msteams\":{\"width\":\"Full\"},\"body\":[{\"type\":\"TextBlock\",\"text\":\"Agile Focus\",\"wrap\":true,\"fontType\":\"Monospace\",\"size\":\"ExtraLarge\",\"weight\":\"Bolder\",\"color\":\"Attention\",\"horizontalAlignment\":\"Center\"},{\"type\":\"ColumnSet\",\"columns\":[{\"type\":\"Column\",\"width\":\"stretch\",\"items\":[{\"type\":\"TextBlock\",\"text\":\"📅 Tommorrow\",\"wrap\":true},{\"type\":\"FactSet\",\"facts\":@{outputs('Composes_and_sorts_the_list_of_events')}}]},{\"type\":\"Column\",\"width\":\"stretch\",\"items\":[{\"type\":\"TextBlock\",\"text\":\"✅ Due Tasks\",\"wrap\":true},{\"type\":\"FactSet\",\"facts\":@{outputs('Compose_and_sort_tasks')}}]}]},{\"type\":\"RichTextBlock\",\"inlines\":[{\"type\":\"TextRun\",\"text\":\"''@{outputs('GetQuote')?['body/field_1']}''\",\"weight\":\"Bolder\",\"size\":\"ExtraLarge\",\"color\":\"Attention\",\"italic\":true}],\"horizontalAlignment\":\"Center\",\"separator\":true},{\"type\":\"TextBlock\",\"text\":\"💬\",\"wrap\":true,\"horizontalAlignment\":\"Center\",\"size\":\"ExtraLarge\"},{\"type\":\"TextBlock\",\"text\":\"@{outputs('GetQuote')?['body/Title']}\",\"wrap\":true,\"fontType\":\"Default\",\"size\":\"Large\",\"horizontalAlignment\":\"Center\",\"weight\":\"Default\",\"isSubtle\":false,\"color\":\"Attention\"},{\"type\":\"TextBlock\",\"text\":\"@{outputs('GetQuote')?['body/Title']} on [Wikipedia](@{outputs('GetQuote')?['body/field_2']})\",\"wrap\":true,\"horizontalAlignment\":\"Right\",\"size\":\"Small\",\"isSubtle\":false,\"color\":\"Attention\",\"spacing\":\"ExtraLarge\"}]}"},"authentication":{"value":"@json(decodeBase64(triggerOutputs().headers['X-MS-APIM-Tokens']))['$ConnectionKey']","type":"Raw"}}},"GetQuote":{"runAfter":{"Initialize_QuoteID_variable":["Succeeded"]},"metadata":{"operationMetadataId":"8244281a-5764-4b8c-8154-785ae4c8c79a"},"type":"OpenApiConnection","inputs":{"host":{"apiId":"/providers/Microsoft.PowerApps/apis/shared_sharepointonline","connectionName":"shared_sharepointonline","operationId":"GetItem"},"parameters":{"dataset":"@outputs('Get_my_profile_(V2)')?['body/mySite']","table":"Motivational Quotes","id":"@variables('QuoteID')"},"authentication":{"value":"@json(decodeBase64(triggerOutputs().headers['X-MS-APIM-Tokens']))['$ConnectionKey']","type":"Raw"}}},"Initialize_QuoteID_variable":{"runAfter":{"Composes_and_sorts_the_list_of_events":["Succeeded"]},"metadata":{"operationMetadataId":"1e827a51-18ac-4190-a31b-7dc0af97aa15"},"type":"InitializeVariable","inputs":{"variables":[{"name":"QuoteID","type":"integer","value":"@rand(1,42)"}]}},"Get_StartTime_for_tomorrows_schedule":{"runAfter":{"Compose_and_sort_tasks":["Succeeded"]},"metadata":{"operationMetadataId":"00cbcab1-207b-42a2-a8e9-e8e70e8eea6e"},"type":"Expression","kind":"CurrentTime","inputs":{}},"Convert_StartTime_to_correct_timezone":{"runAfter":{"Get_StartTime_for_tomorrows_schedule":["Succeeded"]},"metadata":{"operationMetadataId":"5fc68b83-019f-48fa-bf12-774088715729"},"type":"Expression","kind":"ConvertTimeZone","inputs":{"baseTime":"@body('Get_StartTime_for_tomorrows_schedule')","formatString":"s","sourceTimeZone":"UTC","destinationTimeZone":"W. Europe Standard Time"}},"Get_EndTime_for_tomorrows_Schedule":{"runAfter":{"Convert_StartTime_to_correct_timezone":["Succeeded"]},"metadata":{"operationMetadataId":"995eec60-c1e1-4941-96cd-736c13de62d4"},"type":"Expression","kind":"GetFutureTime","inputs":{"interval":24,"timeUnit":"Hour"}},"Convert_EndTime_to_correct_timezone":{"runAfter":{"Get_EndTime_for_tomorrows_Schedule":["Succeeded"]},"metadata":{"operationMetadataId":"ea5f23ec-438d-4ad3-baed-dee1fb3ed437"},"type":"Expression","kind":"ConvertTimeZone","inputs":{"baseTime":"@body('Get_EndTime_for_tomorrows_Schedule')","formatString":"s","sourceTimeZone":"UTC","destinationTimeZone":"W. Europe Standard Time"}},"Get_tomorrows_schedule":{"runAfter":{"Convert_EndTime_to_correct_timezone":["Succeeded"]},"metadata":{"operationMetadataId":"3a8fd41f-7f14-4b97-810d-0c379770235b"},"type":"OpenApiConnection","inputs":{"host":{"apiId":"/providers/Microsoft.PowerApps/apis/shared_office365","connectionName":"shared_office365_1","operationId":"GetEventsCalendarViewV3"},"parameters":{"calendarId":"Calendar","startDateTimeUtc":"@body('Convert_StartTime_to_correct_timezone')","endDateTimeUtc":"@body('Convert_EndTime_to_correct_timezone')"},"authentication":{"value":"@json(decodeBase64(triggerOutputs().headers['X-MS-APIM-Tokens']))['$ConnectionKey']","type":"Raw"}}},"SelectCalendarItems":{"runAfter":{"Get_tomorrows_schedule":["Succeeded"]},"metadata":{"operationMetadataId":"86487844-2356-4048-a6c4-6ed8d46fccef"},"type":"Select","inputs":{"from":"@outputs('Get_tomorrows_schedule')?['body/value']","select":{"title":"[@{item()?['subject']} ](@{item()?['webLink']}) ","value":"@{addHours(item()?['start'], 2, 'HH:mm')}\n-\n@{addHours(item()?['end'], 2, 'HH:mm')}\n\n"}}},"Composes_and_sorts_the_list_of_events":{"runAfter":{"SelectCalendarItems":["Succeeded"]},"metadata":{"operationMetadataId":"56653734-8bd7-4c4d-8b23-36403ff404ae"},"type":"Compose","inputs":"@sort(body('SelectCalendarItems'), 'value')"},"List_my_tasks":{"runAfter":{"Create_item":["Succeeded"]},"metadata":{"operationMetadataId":"0a15408c-59c8-4aad-afa0-b2d8af69df05"},"type":"OpenApiConnection","inputs":{"host":{"apiId":"/providers/Microsoft.PowerApps/apis/shared_planner","connectionName":"shared_planner","operationId":"ListMyTasks_V2"},"parameters":{},"authentication":{"value":"@json(decodeBase64(triggerOutputs().headers['X-MS-APIM-Tokens']))['$ConnectionKey']","type":"Raw"}}},"Filter_Tasks_":{"runAfter":{"Initialize_link_to_tasks_variable":["Succeeded"]},"metadata":{"operationMetadataId":"0ad4e9bf-7232-40fc-9a58-6c29b4c35aa9"},"type":"Query","inputs":{"from":"@outputs('List_my_tasks')?['body/value']","where":"@and(not(equals(item()?['percentageComplete'], int(100))), not(equals(item()?['dueDateTime'], null)), lessOrEquals(item()?['dueDateTime'], addDays(utcNow(), 14)))\n"}},"SelectTasks":{"runAfter":{"Filter_Tasks_":["Succeeded"]},"metadata":{"operationMetadataId":"b5346625-9719-4515-9012-ba5e57e46cfd"},"type":"Select","inputs":{"from":"@body('Filter_Tasks_')","select":{"title":"[@{item()?['title']}](@{concat(variables('PlanLink'),item()?['id'])})","value":"@substring(item()?['dueDateTime'],0,10)"}}},"Initialize_link_to_tasks_variable":{"runAfter":{"List_my_tasks":["Succeeded"]},"metadata":{"operationMetadataId":"3f826c25-8bd0-4579-bb00-a8bc4ae84df3"},"type":"InitializeVariable","inputs":{"variables":[{"name":"PlanLink","type":"string","value":"https://tasks.office.com/rockthemsocks.se/en-US/Home/Task/"}]}},"Compose_and_sort_tasks":{"runAfter":{"SelectTasks":["Succeeded"]},"metadata":{"operationMetadataId":"60cbbb15-2075-4c05-9ed8-a37ea19c24fc"},"type":"Compose","inputs":"@sort(body('SelectTasks'), 'value')"},"Get_my_profile_(V2)":{"runAfter":{},"metadata":{"operationMetadataId":"f58b1442-8052-4b4e-b2fc-b1393ec3edf9"},"type":"OpenApiConnection","inputs":{"host":{"apiId":"/providers/Microsoft.PowerApps/apis/shared_office365users","connectionName":"shared_office365users","operationId":"MyProfile_V2"},"parameters":{},"authentication":{"value":"@json(decodeBase64(triggerOutputs().headers['X-MS-APIM-Tokens']))['$ConnectionKey']","type":"Raw"}}},"Create_item":{"runAfter":{"Get_my_profile_(V2)":["Succeeded"]},"metadata":{"operationMetadataId":"444ea991-2b82-44d3-aa4b-c447e32e2888"},"type":"OpenApiConnection","inputs":{"host":{"apiId":"/providers/Microsoft.PowerApps/apis/shared_sharepointonline","connectionName":"shared_sharepointonline","operationId":"PostItem"},"parameters":{"dataset":"@outputs('Get_my_profile_(V2)')?['body/mySite']","table":"Placeholder","item":"@outputs('Get_my_profile_(V2)')?['body/displayName']"},"authentication":{"value":"@json(decodeBase64(triggerOutputs().headers['X-MS-APIM-Tokens']))['$ConnectionKey']","type":"Raw"}}}},"outputs":{}},"connectionReferences":{"shared_teams_1":{"connectionName":"4867e852f27f4c12baabacbd847029ed","source":"Invoker","id":"/providers/Microsoft.PowerApps/apis/shared_teams","tier":"NotSpecified"},"shared_sharepointonline":{"connectionName":"shared-sharepointonl-c7765976-4a43-406d-b5cd-4a629fcea253","source":"Invoker","id":"/providers/Microsoft.PowerApps/apis/shared_sharepointonline","tier":"NotSpecified"},"shared_office365_1":{"connectionName":"5643b524ea78463bb485e4a555064cb5","source":"Invoker","id":"/providers/Microsoft.PowerApps/apis/shared_office365","tier":"NotSpecified"},"shared_planner":{"connectionName":"3995a725a0ec4b3ca5cd44ea0d2ff251","source":"Invoker","id":"/providers/Microsoft.PowerApps/apis/shared_planner","tier":"NotSpecified"},"shared_office365users":{"connectionName":"shared-office365user-9bf538df-d1af-419b-99c1-1dcccf9434b9","source":"Invoker","id":"/providers/Microsoft.PowerApps/apis/shared_office365users","tier":"NotSpecified"}},"flowFailureAlertSubscribed":false,"isManaged":false}}