{"name":"8464ad66-facf-49bd-93de-a5ec79d5e04e","id":"/providers/Microsoft.Flow/flows/8464ad66-facf-49bd-93de-a5ec79d5e04e","type":"Microsoft.Flow/flows","properties":{"apiId":"/providers/Microsoft.PowerApps/apis/shared_logicflows","displayName":"Logbook Prompt","definition":{"metadata":{"workflowEntityId":null,"processAdvisorMetadata":null,"flowChargedByPaygo":null,"flowclientsuspensionreason":"AllActionsFailingDetected","flowclientsuspensionreasondetails":null,"flowclientsuspensiontime":"2023-05-21T13:26:40.2183381Z","creator":{"id":"f9246246-b88b-4501-8f7c-f814817aea87","type":"User","tenantId":"d0c27457-51ae-4589-9097-ed8d590c0db2"},"provisioningMethod":"FromDefinition","failureAlertSubscription":true,"clientLastModifiedTime":"2023-05-21T13:26:40.2183381Z"},"$schema":"https://schema.management.azure.com/providers/Microsoft.Logic/schemas/2016-06-01/workflowdefinition.json#","contentVersion":"1.0.0.0","parameters":{"$connections":{"defaultValue":{},"type":"Object"},"$authentication":{"defaultValue":{},"type":"SecureObject"}},"triggers":{"Time_when_prompted_to_update_log":{"recurrence":{"frequency":"Day","interval":1,"timeZone":"W. Europe Standard Time","startTime":"2023-05-16T01:00:00Z","schedule":{"hours":["17"]}},"metadata":{"operationMetadataId":"8684efc5-aa8b-41cd-af62-7f0b2be03816"},"type":"Recurrence"}},"actions":{"Get_my_profile_(V2)":{"runAfter":{},"metadata":{"operationMetadataId":"2d0b1f75-b450-42b1-a6d5-71096b10e03d"},"type":"OpenApiConnection","inputs":{"host":{"apiId":"/providers/Microsoft.PowerApps/apis/shared_office365users","connectionName":"shared_office365users_1","operationId":"MyProfile_V2"},"parameters":{},"authentication":"@parameters('$authentication')"}},"Post_card_in_a_chat_or_channel":{"runAfter":{"Compose":["Succeeded"]},"metadata":{"operationMetadataId":"03984900-dfae-4302-8d40-3e18659a45ef"},"type":"OpenApiConnection","inputs":{"host":{"apiId":"/providers/Microsoft.PowerApps/apis/shared_teams","connectionName":"shared_teams","operationId":"PostCardToConversation"},"parameters":{"poster":"Flow bot","location":"Chat with Flow bot","body/recipient":"@{outputs('Get_my_profile_(V2)')?['body/mail']};","body/messageBody":"{\"type\":\"AdaptiveCard\",\"$schema\":\"http://adaptivecards.io/schemas/adaptive-card.json\",\"version\":\"1.4\",\"msteams\":{\"width\":\"Full\"},\"body\":[{\"type\":\"Container\",\"style\":\"default\",\"items\":[{\"type\":\"TextBlock\",\"text\":\"Agile Log(ic)\",\"wrap\":true,\"fontType\":\"Monospace\",\"size\":\"ExtraLarge\",\"weight\":\"Bolder\",\"color\":\"Attention\",\"isSubtle\":false,\"horizontalAlignment\":\"Center\",\"id\":\"titlelogo\"}]},{\"type\":\"Container\",\"items\":[{\"type\":\"TextBlock\",\"text\":\"⏳ How have you spent your day?\",\"wrap\":true,\"horizontalAlignment\":\"Center\",\"fontType\":\"Default\",\"size\":\"Large\",\"color\":\"Attention\",\"weight\":\"Bolder\",\"id\":\"firstQ\"},{\"type\":\"TextBlock\",\"text\":\"🔎 Evaluate your day\",\"wrap\":true,\"horizontalAlignment\":\"Center\",\"isVisible\":false,\"size\":\"Large\",\"weight\":\"Bolder\",\"color\":\"Attention\",\"id\":\"evaluate\"},{\"type\":\"TextBlock\",\"text\":\"🚫 What is the reason for your day off?\",\"wrap\":true,\"horizontalAlignment\":\"Center\",\"size\":\"Large\",\"color\":\"Attention\",\"weight\":\"Bolder\",\"isVisible\":false,\"id\":\"dayoff_question\"}]},{\"type\":\"Container\",\"items\":[{\"type\":\"ColumnSet\",\"columns\":[{\"type\":\"Column\",\"width\":50,\"items\":[{\"type\":\"Image\",\"url\":\"https://YOUR_DOMAIN-my.sharepoint.com/personal/YOUR_USER/Documents/AdaptiveCardButtons/Warning/LightTheme/warning_light_button_working.png\",\"width\":\"150px\",\"horizontalAlignment\":\"Center\",\"id\":\"button_work\",\"selectAction\":{\"type\":\"Action.ToggleVisibility\",\"targetElements\":[{\"elementId\":\"firstQ\",\"isVisible\":false},{\"elementId\":\"evaluate\",\"isVisible\":true},{\"elementId\":\"dayoff_question\",\"isVisible\":false},{\"elementId\":\"container_forkbuttons\",\"isVisible\":false},{\"elementId\":\"container_choice\",\"isVisible\":true},{\"elementId\":\"container_text\",\"isVisible\":true},{\"elementId\":\"container_dayoff_toggle\",\"isVisible\":false},{\"elementId\":\"container_navbuttons\",\"isVisible\":true}]}}]},{\"type\":\"Column\",\"width\":50,\"items\":[{\"type\":\"Image\",\"url\":\"https://YOUR_DOMAIN-my.sharepoint.com/personal/YOUR_USER/Documents/AdaptiveCardButtons/Warning/LightTheme/warning_light_button_dayoff.png\",\"width\":\"150px\",\"height\":\"0px\",\"horizontalAlignment\":\"Center\",\"id\":\"button_dayoff\",\"selectAction\":{\"type\":\"Action.ToggleVisibility\",\"targetElements\":[{\"elementId\":\"firstQ\",\"isVisible\":false},{\"elementId\":\"evaluate\",\"isVisible\":false},{\"elementId\":\"dayoff_question\",\"isVisible\":true},{\"elementId\":\"container_forkbuttons\",\"isVisible\":false},{\"elementId\":\"container_choice\",\"isVisible\":false},{\"elementId\":\"container_text\",\"isVisible\":false},{\"elementId\":\"container_dayoff_toggle\",\"isVisible\":true},{\"elementId\":\"container_navbuttons\",\"isVisible\":true}]}}]}],\"id\":\"columnset_forkbuttons\",\"horizontalAlignment\":\"Center\"}],\"id\":\"container_forkbuttons\",\"horizontalAlignment\":\"Center\",\"separator\":true},{\"type\":\"Container\",\"items\":[{\"type\":\"ColumnSet\",\"columns\":[{\"type\":\"Column\",\"width\":50,\"items\":[{\"type\":\"Input.ChoiceSet\",\"placeholder\":\"Task\",\"label\":\"✅ Which task have you worked on?\",\"id\":\"choice_task\",\"choices\":@{outputs('Compose')}}]},{\"type\":\"Column\",\"width\":50,\"items\":[{\"type\":\"Input.ChoiceSet\",\"choices\":[{\"title\":\"⭐\",\"value\":\"⭐\"},{\"title\":\"⭐⭐\",\"value\":\"⭐⭐\"},{\"title\":\"⭐⭐⭐\",\"value\":\"⭐⭐⭐\"},{\"title\":\"⭐⭐⭐⭐\",\"value\":\"⭐⭐⭐⭐\"},{\"title\":\"⭐⭐⭐⭐⭐\",\"value\":\"⭐⭐⭐⭐⭐\"}],\"placeholder\":\"⭐⭐⭐\",\"label\":\"📊 Grade todays progress\",\"id\":\"choice_grade\"}]}],\"id\":\"columnset_choice\",\"separator\":true}],\"horizontalAlignment\":\"Left\",\"spacing\":\"Medium\",\"separator\":true,\"id\":\"container_choice\",\"isVisible\":false},{\"type\":\"Container\",\"items\":[{\"type\":\"ColumnSet\",\"columns\":[{\"type\":\"Column\",\"width\":50,\"items\":[{\"type\":\"Input.Text\",\"placeholder\":\"Shortly describe the work you have done today\",\"label\":\"📑 Record your progress \",\"id\":\"text_progress\",\"isMultiline\":true}]},{\"type\":\"Column\",\"width\":50,\"items\":[{\"type\":\"Input.Text\",\"placeholder\":\"Write down your ideas, insights or concerns\",\"label\":\"🤔 Record your thoughts \",\"maxLength\":0,\"isMultiline\":true,\"id\":\"text_mind\"}]}],\"horizontalAlignment\":\"Left\",\"id\":\"columnset_text\"}],\"id\":\"container_text\",\"isVisible\":false,\"separator\":true},{\"type\":\"Container\",\"verticalContentAlignment\":\"Center\",\"id\":\"container_dayoff_toggle\",\"isVisible\":false,\"separator\":true,\"items\":[{\"type\":\"Input.ChoiceSet\",\"choices\":[{\"title\":\"🤒 Sick\",\"value\":\"Sick\"},{\"title\":\"🎮 Rest & Recreation\",\"value\":\"RnR\"},{\"title\":\"🛫 Travel\",\"value\":\"Travel\"}],\"placeholder\":\"Reason for day off?\",\"id\":\"day_off\"}]},{\"type\":\"Container\",\"separator\":true,\"items\":[{\"type\":\"ColumnSet\",\"columns\":[{\"type\":\"Column\",\"width\":50,\"items\":[{\"type\":\"Image\",\"url\":\"https://YOUR_DOMAIN-my.sharepoint.com/personal/YOUR_USER/Documents/AdaptiveCardButtons/Warning/LightTheme/warning_light_button_back.png\",\"height\":\"60px\",\"horizontalAlignment\":\"Center\",\"id\":\"button_back\",\"selectAction\":{\"type\":\"Action.ToggleVisibility\",\"targetElements\":[{\"elementId\":\"firstQ\",\"isVisible\":true},{\"elementId\":\"evaluate\",\"isVisible\":false},{\"elementId\":\"dayoff_question\",\"isVisible\":false},{\"elementId\":\"container_forkbuttons\",\"isVisible\":true},{\"elementId\":\"container_choice\",\"isVisible\":false},{\"elementId\":\"container_text\",\"isVisible\":false},{\"elementId\":\"container_dayoff_toggle\",\"isVisible\":false},{\"elementId\":\"container_navbuttons\",\"isVisible\":false}]}}]},{\"type\":\"Column\",\"width\":50,\"items\":[{\"type\":\"Image\",\"url\":\"https://YOUR_DOMAIN-my.sharepoint.com/personal/YOUR_USER/Documents/AdaptiveCardButtons/Warning/LightTheme/warning_light_button_submit.png\",\"height\":\"60px\",\"id\":\"button_submit\",\"selectAction\":{\"type\":\"Action.Submit\",\"associatedInputs\":\"auto\",\"id\":\"logbook_submit_work\"}}]}],\"id\":\"columnset_navbuttons\",\"separator\":true,\"spacing\":\"ExtraLarge\"}],\"id\":\"container_navbuttons\",\"isVisible\":false,\"spacing\":\"ExtraLarge\"}]}","body/cardTypeId":"Logbook"},"authentication":"@parameters('$authentication')"}},"List_my_tasks":{"runAfter":{"Get_my_profile_(V2)":["Succeeded"]},"metadata":{"operationMetadataId":"9754d819-cada-4064-a90d-0afa68feea33"},"type":"OpenApiConnection","inputs":{"host":{"apiId":"/providers/Microsoft.PowerApps/apis/shared_planner","connectionName":"shared_planner","operationId":"ListMyTasks_V2"},"parameters":{},"authentication":"@parameters('$authentication')"}},"Filter_out_completed_tasks":{"runAfter":{"List_my_tasks":["Succeeded"]},"metadata":{"operationMetadataId":"030c6edb-258c-4a9e-9876-70c87b50bac6"},"type":"Query","inputs":{"from":"@outputs('List_my_tasks')?['body/value']","where":"@not(equals(item()?['percentComplete'], int(100)))"}},"Select":{"runAfter":{"Filter_out_completed_tasks":["Succeeded"]},"metadata":{"operationMetadataId":"c7b71d45-c64d-42a8-ae6d-a13d22de49a4"},"type":"Select","inputs":{"from":"@body('Filter_out_completed_tasks')","select":{"title":"@item()?['title']","value":"@item()?['title']"}}},"Compose":{"runAfter":{"Select":["Succeeded"]},"metadata":{"operationMetadataId":"f3945057-c977-4d9a-ae98-59b3560dee26"},"type":"Compose","inputs":"@body('Select')"}},"outputs":{}},"connectionReferences":{"shared_office365users_1":{"connectionName":"shared-office365user-9bf538df-d1af-419b-99c1-1dcccf9434b9","source":"Embedded","id":"/providers/Microsoft.PowerApps/apis/shared_office365users","tier":"NotSpecified"},"shared_teams":{"connectionName":"4867e852f27f4c12baabacbd847029ed","source":"Embedded","id":"/providers/Microsoft.PowerApps/apis/shared_teams","tier":"NotSpecified"},"shared_planner":{"connectionName":"3995a725a0ec4b3ca5cd44ea0d2ff251","source":"Embedded","id":"/providers/Microsoft.PowerApps/apis/shared_planner","tier":"NotSpecified"}},"flowFailureAlertSubscribed":false,"isManaged":false}}